Item,Cost
USB Black,0.47
USB Silver,0.47
Random x 24,24
Black 24,24
TT001,1
TT002,1
TT003,1
TT004,1
TT005,1
TT006,1
TT007,1
TT008,1
TT009,1
TT010,1
TT011,1
TT012,1
TA001,1
TA002,1
TA003,1
TA004,1
TA005,1
TA006,1
TA007,1
TA008,1
TA009,1
TA010,1
TA011,1
TA012,1
TA013,1
TA014,1
TA015,1
TA016,1
TA017,1
TA018,1
TA019,1
TA020,1
TA021,1
TA022,1
TA023,1
TY001,1
TY002,1
TY003,1
TY004,1
TY005,1
TY006,1
TY007,1
TY008,1
TY009,1
TY010,1
TY011,1
TY012,1
TY013,1
TY014,1
TY015,1
TY016,1
TY017,1
TY018,1
TY019,1
TY020,1
TY021,1
TY022,1
TH-Bandana x 24,24
TH011 x 3,3
TH012 x 3,3
TH016 x 3,3
TH017 x 3,3
TH018 x 3,3
TH019 x 3,3
TH020 x 3,3
TH021 x 3,3
TH022 x 3,3
TH023 x 3,3
TH024 x 3,3
Black x 3,3
TD001 x 3,3
TD002 x 3,3
TD003 x 3,3
TD004 x 3,3
TD005 x 3,3
TD006 x 3,3
TD007 x 3,3
TD008 x 3,3
TD009 x 3,3
TD010 x 3,3
TD011 x 3,3
TD012 x 3,3
TD013 x 3,3
TD014 x 3,3
TD015 x 3,3
TD016 x 3,3
TD017 x 3,3
TD018 x 3,3
TD019 x 3,3
TD020 x 3,3
TD021 x 3,3
TD022 x 3,3
TD023 x 3,3
TD024 x 3,3
For iPhone 11 Pro Max 6.5,3.85
For iPhone 11 Pro 5.8,3.42
For iPhone 11 6.1,3.71
For iPhone Xr 6.1,3.71
For iPhone Xs 5.8,3.42
For iPhone X 5.8,3.42
For iPhone Xs Max 6.5,3.85
CW061 S,5.2
CW061 L,6.3
CW061 XL,8.5
CW062 S,12.5
CW062 L,13
CW062 XL,18.5
CW077-S,8
CW077-M,8.5
CW077-L,9.5
CW077-XL,10.5
CW059-S,9
CW059-M,11
CW059-L,14
CW060 S,11
CW060 M,13.5
CW060 L,17
CW060 XL,20
WJ001,3
WJ002,3
WJ003,3
WJ004,3
WJ005,3
WJ006,3
WJ007,3
WJ008,3
WJ009,3
CW089 S Coffee,8
CW089 M Coffee,10
CW089 L Coffee,11
CW089 XL Coffee,14
CW090 S Dark Grey,8
CW090 M Dark Grey,10
CW090 L Dark Grey,11
CW090 XL Dark Grey,14
CW091 S Pink,8
CW091 M Pink,10
CW091 L Pink,11
CW091 XL Pink,14
CW092 S Light Grey,8
CW092 M Light Grey,10
CW092 L Light Grey,11
CW092 XL Light Grey,14
CW093 S Multi Colour,8
CW093 M Multi Colour,10
CW093 L Multi Colour,11
CW093 XL Multi Colour,14
CW094 S,8
CW094 M,10
CW094 L,11
CW094 XL,14
CW095 S,8
CW095 M,10
CW095 L,11
CW095 XL,14
CW096 S,8
CW096 M,10
CW096 L,11
CW096 XL,14
CW097 S,8
CW097 M,10
CW097 L,11
CW097 XL,14
CW098 S,8
CW098 M,10
CW098 L,11
CW098 XL,14
MX001 Mulberry x 5,4.25
MX002 Deep Red x 5,4.25
MX003 Light Fawn x 5,4.25
MX004 Cool Purple x 5,4.25
MX005 Rusty x 5,4.25
MX006 Rose Pink x 5,4.25
MX007 Light Grey x 5,4.25
MX008 Forest Green x 5,4.25
MX009 Burgandy x 5,4.25
MX010 Orange x 5,4.25
MX011 Royal Blue x 5,4.25
MX012 Leaf Green x 5,4.25
MX013 Russo Red x 5,4.25
MX014 Golden Yellow x 5,4.25
MX015 Hot Pink x 5,4.25
MX016 Cream x 5,4.25
MX017 Hot Blue x 5,4.25
MX018 Mint Green x 5,4.25
MX019 Chocolate x 5,4.25
MX020 Purple x 5,4.25
MX021 Dusty Pink x 5,4.25
MX022 Navy Blue x 5,4.25
MX023 Baby Blue x 5,4.25
MX024 Soft Lilac x 5,4.25
MX025 Black x 5,4.25
MX026 White x 5,4.25
MX027 Baby Pink x 5,4.25
MX028 Lemon x 5,4.25
MX029 Apricot x 5,4.25
MX030 Beige x 5,4.25
MX031 Sky Blue x 5,4.25
MX032 Dark Grey x 5,4.25
MX033 Plum x 5,4.25
MX034 Fluro Green x 5,4.25
MX035 Sage Green x 5,4.25
MX036 Teal x 5,4.25
MX037 Canary Yellow x 5,4.25
MX038 Meadow x 5,4.25
MX039 Sand Stone x 5,4.25
MX040 Midnight x 5,4.25
MX041 Hot Chic x 5,4.25
MX042 Baby Girl x 5,4.25
MX043 Vivid x 5,4.25
MX044 Sunbu RST x 5,4.25
MX045 Purple Patch x 5,4.25
MX046 Neon x 5,4.25
MX047 Solid Watermel x 5,4.25
MX48 Green x 5,4.25
MX049 Mustard x 5,4.25
MX050 Reddy Brown x 5,4.25
MX051 Mauve x 5,4.25
MX052 Icy Blue x 5,4.25
MX053 Mushroom x 5,4.25
MX054 Dark Apricot x 5,4.25
MX055 Olive Green x 5,4.25
MX056 Mixed Bright Red x 5,4.25
MX001 Mulberry,0.85
MX002 Deep Red,0.85
MX003 Light Fawn,0.85
MX004 Cool Purple,0.85
MX005 Rusty,0.85
MX006 Rose Pink,0.85
MX007 Light Grey,0.85
MX008 Forest Green,0.85
MX009 Burgandy,0.85
MX010 Orange,0.85
MX011 Royal Blue,0.85
MX012 Leaf Green,0.85
MX013 Russo Red,0.85
MX014 Golden Yellow,0.85
MX015 Hot Pink,0.85
MX016 Cream,0.85
MX017 Hot Blue,0.85
MX018 Mint Green,0.85
MX019 Chocolate,0.85
MX020 Purple,0.85
MX021 Dusty Pink,0.85
MX022 Navy Blue,0.85
MX023 Baby Blue,0.85
MX024 Soft Lilac,0.85
MX025 Black,0.85
MX026 White,0.85
MX027 Baby Pink,0.85
MX028 Lemon,0.85
MX029 Apricot,0.85
MX030 Beige,0.85
MX031 Sky Blue,0.85
MX032 Dark Grey,0.85
MX033 Plum,0.85
MX034 Fluro Green,0.85
MX035 Sage Green,0.85
MX036 Teal,0.85
MX037 Canary Yellow,0.85
MX038 Meadow,0.85
MX039 Sand Stone,0.85
MX040 Midnight,0.85
MX041 Hot Chic,0.85
MX042 Baby Girl,0.85
MX043 Vivid,0.85
MX044 Sunbu RST,0.85
MX045 Purple Patch,0.85
MX046 Neon,0.85
MX047 Solid Watermel,0.85
MX48 Green,0.85
MX049 Mustard,0.85
MX050 Reddy Brown,0.85
MX051 Mauve,0.85
MX052 Icy Blue,0.85
MX053 Mushroom,0.85
MX054 Dark Apricot,0.85
MX055 Olive Green,0.85
MX056 Mixed Bright Red,0.85
MX077 Misty Blue,0.85
MX078 Dazzle,0.85
MX079 Purple Haz,0.85
MX080 Sweet Drea,0.85
MX081 Passtion Fruit,0.85
MX082 Humming Bir,0.85
MX083 Baby Grn,0.85
MX084 Babmult,0.85
MX085 West Oz,0.85
MX086 Candca,0.85
MX087 Bone,0.85
MX088 Charcoal,0.85
MX089 Delphinium,0.85
MX090 Lolly Pink,0.85
MX091 Soft Yellow,0.85
MX092 Dijon,0.85
MX093 Paprika,0.85
MX094 Cedar,0.85
MX095 Graphite,0.85
MX096 True Brown,0.85
MX097 Lead,0.85
MX098 Galaxy,0.85
MX099 Pesto,0.85
MX100 Pickle,0.85
MX101 Pumpkin,0.85
MX102 Aquamarine,0.85
MX103 Admiral,0.85
MX104 Ocean,0.85
MX105 Cobalt,0.85
MX106 Atlantic,0.85
MX107 Mallard,0.85
MX108 Indigo,0.85
MX109 Violet,0.85
MX110 True Red,0.85
TT001 x 2,9.99
TT002 x 2,9.99
TT003 x 2,9.99
TT004 x 2,9.99
TT005 x 2,9.99
TT006 x 2,9.99
TT007 x 2,9.99
TT008 x 2,9.99
TT009 x 2,9.99
TT010 x 2,9.99
TT011 x 2,9.99
TT012 x 2,9.99
MX001,0.85
MX002,0.85
MX003,0.85
MX004,0.85
MX005,0.85
MX006,0.85
MX007,0.85
MX008,0.85
MX009,0.85
MX010,0.85
MX011,0.85
MX012,0.85
MX013,0.85
MX014,0.85
MX015,0.85
MX016,0.85
MX017,0.85
MX018,0.85
MX019,0.85
MX020,0.85
MX021,0.85
MX022,0.85
MX023,0.85
MX024,0.85
MX025,0.85
MX026,0.85
MX027,0.85
MX028,0.85
MX029,0.85
MX030,0.85
MX031,0.85
MX032,0.85
MX033,0.85
MX034,0.85
MX035,0.85
MX036,0.85
MX037,0.85
MX038,0.85
MX039,0.85
MX040,0.85
MX041,0.85
MX042,0.85
MX043,0.85
MX044,0.85
MX045,0.85
MX046,0.85
MX047,0.85
MX048,0.85
MX049,0.85
MX050,0.85
MX051,0.85
MX052,0.85
MX053,0.85
MX054,0.85
MX055,0.85
MX056,0.85
MX077,0.85
MX078,0.85
MX079,0.85
MX080,0.85
MX081,0.85
MX082,0.85
MX083,0.85
MX084,0.85
MX085,0.85
MX086,0.85
MX087,0.85
MX088,0.85
MX089,0.85
MX090,0.85
MX091,0.85
MX092,0.85
MX093,0.85
MX094,0.85
MX095,0.85
MX096,0.85
MX097,0.85
MX098,0.85
MX099,0.85
MX100,0.85
MX101,0.85
MX102,0.85
MX103,0.85
MX104,0.85
MX105,0.85
MX106,0.85
MX107,0.85
MX108,0.85
MX109,0.85
MX110,0.85
MX001 x 12,10.2
MX002 x 12,10.2
MX003 x 12,10.2
MX004 x 12,10.2
MX005 x 12,10.2
MX006 x 12,10.2
MX007 x 12,10.2
MX008 x 12,10.2
MX009 x 12,10.2
MX010 x 12,10.2
MX011 x 12,10.2
MX012 x 12,10.2
MX013 x 12,10.2
MX014 x 12,10.2
MX015 x 12,10.2
MX016 x 12,10.2
MX017 x 12,10.2
MX018 x 12,10.2
MX019 x 12,10.2
MX020 x 12,10.2
MX021 x 12,10.2
MX022 x 12,10.2
MX023 x 12,10.2
MX024 x 12,10.2
MX025 x 12,10.2
MX026 x 12,10.2
MX027 x 12,10.2
MX028 x 12,10.2
MX029 x 12,10.2
MX030 x 12,10.2
MX031 x 12,10.2
MX032 x 12,10.2
MX033 x 12,10.2
MX034 x 12,10.2
MX035 x 12,10.2
MX036 x 12,10.2
MX037 x 12,10.2
MX038 x 12,10.2
MX039 x 12,10.2
MX040 x 12,10.2
MX041 x 12,10.2
MX042 x 12,10.2
MX043 x 12,10.2
MX044 x 12,10.2
MX045 x 12,10.2
MX046 x 12,10.2
MX047 x 12,10.2
MX048 x 12,10.2
MX049 x 12,10.2
MX050 x 12,10.2
MX051 x 12,10.2
MX052 x 12,10.2
MX053 x 12,10.2
MX054 x 12,10.2
MX055 x 12,10.2
MX056 x 12,10.2
MX077 x 12,10.2
MX078 x 12,10.2
MX079 x 12,10.2
MX080 x 12,10.2
MX081 x 12,10.2
MX082 x 12,10.2
MX083 x 12,10.2
MX084 x 12,10.2
MX085 x 12,10.2
MX086 x 12,10.2
MX087 x 12,10.2
MX088 x 12,10.2
MX089 x 12,10.2
MX090 x 12,10.2
MX091 x 12,10.2
MX092 x 12,10.2
MX093 x 12,10.2
MX094 x 12,10.2
MX095 x 12,10.2
MX096 x 12,10.2
MX097 x 12,10.2
MX098 x 12,10.2
MX099 x 12,10.2
MX100 x 12,10.2
MX101 x 12,10.2
MX102 x 12,10.2
MX103 x 12,10.2
MX104 x 12,10.2
MX105 x 12,10.2
MX106 x 12,10.2
MX107 x 12,10.2
MX108 x 12,10.2
MX109 x 12,10.2
MX110 x 12,10.2
TK076 x 3,3
Australian Flag x 3,3
"8 Balls,MX001",6.8
"8 Balls,MX002",6.8
"8 Balls,MX003",6.8
"8 Balls,MX004",6.8
"8 Balls,MX005",6.8
"8 Balls,MX006",6.8
"8 Balls,MX007",6.8
"8 Balls,MX008",6.8
"8 Balls,MX009",6.8
"8 Balls,MX010",6.8
"8 Balls,MX011",6.8
"8 Balls,MX012",6.8
"8 Balls,MX013",6.8
"8 Balls,MX014",6.8
"8 Balls,MX015",6.8
"8 Balls,MX016",6.8
"8 Balls,MX017",6.8
"8 Balls,MX018",6.8
"8 Balls,MX019",6.8
"8 Balls,MX020",6.8
"8 Balls,MX021",6.8
"8 Balls,MX022",6.8
"8 Balls,MX023",6.8
"8 Balls,MX024",6.8
"8 Balls,MX025",6.8
"8 Balls,MX026",6.8
"8 Balls,MX027",6.8
"8 Balls,MX028",6.8
"8 Balls,MX029",6.8
"8 Balls,MX030",6.8
"8 Balls,MX031",6.8
"8 Balls,MX032",6.8
"8 Balls,MX033",6.8
"8 Balls,MX034",6.8
"8 Balls,MX035",6.8
"8 Balls,MX036",6.8
"8 Balls,MX037",6.8
"8 Balls,MX038",6.8
"8 Balls,MX039",6.8
"8 Balls,MX040",6.8
"8 Balls,MX041",6.8
"8 Balls,MX042",6.8
"8 Balls,MX043",6.8
"8 Balls,MX044",6.8
"8 Balls,MX045",6.8
"8 Balls,MX046",6.8
"8 Balls,MX047",6.8
"8 Balls,MX048",6.8
"8 Balls,MX049",6.8
"8 Balls,MX050",6.8
"8 Balls,MX051",6.8
"8 Balls,MX052",6.8
"8 Balls,MX053",6.8
"8 Balls,MX054",6.8
"8 Balls,MX055",6.8
"8 Balls,MX056",6.8
"8 Balls,MX077",6.8
"8 Balls,MX078",6.8
"8 Balls,MX079",6.8
"8 Balls,MX080",6.8
"8 Balls,MX081",6.8
"8 Balls,MX082",6.8
"8 Balls,MX083",6.8
"8 Balls,MX084",6.8
"8 Balls,MX085",6.8
"8 Balls,MX086",6.8
"8 Balls,MX087",6.8
"8 Balls,MX088",6.8
"8 Balls,MX089",6.8
"8 Balls,MX090",6.8
"8 Balls,MX091",6.8
"8 Balls,MX092",6.8
"8 Balls,MX093",6.8
"8 Balls,MX094",6.8
"8 Balls,MX095",6.8
"8 Balls,MX096",6.8
"8 Balls,MX097",6.8
"8 Balls,MX098",6.8
"8 Balls,MX099",6.8
"8 Balls,MX100",6.8
"8 Balls,MX101",6.8
"8 Balls,MX102",6.8
"8 Balls,MX103",6.8
"8 Balls,MX104",6.8
"8 Balls,MX105",6.8
"8 Balls,MX106",6.8
"8 Balls,MX107",6.8
"8 Balls,MX108",6.8
"8 Balls,MX109",6.8
"8 Balls,MX110",6.8
"6 balls,MX001",5.1
"6 balls,MX002",5.1
"6 balls,MX003",5.1
"6 balls,MX004",5.1
"6 balls,MX005",5.1
"6 balls,MX006",5.1
"6 balls,MX007",5.1
"6 balls,MX008",5.1
"6 balls,MX009",5.1
"6 balls,MX010",5.1
"6 balls,MX011",5.1
"6 balls,MX012",5.1
"6 balls,MX013",5.1
"6 balls,MX014",5.1
"6 balls,MX015",5.1
"6 balls,MX016",5.1
"6 balls,MX017",5.1
"6 balls,MX018",5.1
"6 balls,MX019",5.1
"6 balls,MX020",5.1
"6 balls,MX021",5.1
"6 balls,MX022",5.1
"6 balls,MX023",5.1
"6 balls,MX024",5.1
"6 balls,MX025",5.1
"6 balls,MX026",5.1
"6 balls,MX027",5.1
"6 balls,MX028",5.1
"6 balls,MX029",5.1
"6 balls,MX030",5.1
"6 balls,MX031",5.1
"6 balls,MX032",5.1
"6 balls,MX033",5.1
"6 balls,MX034",5.1
"6 balls,MX035",5.1
"6 balls,MX036",5.1
"6 balls,MX037",5.1
"6 balls,MX038",5.1
"6 balls,MX039",5.1
"6 balls,MX040",5.1
"6 balls,MX041",5.1
"6 balls,MX042",5.1
"6 balls,MX043",5.1
"6 balls,MX044",5.1
"6 balls,MX045",5.1
"6 balls,MX046",5.1
"6 balls,MX047",5.1
"6 balls,MX048",5.1
"6 balls,MX049",5.1
"6 balls,MX050",5.1
"6 balls,MX051",5.1
"6 balls,MX052",5.1
"6 balls,MX053",5.1
"6 balls,MX054",5.1
"6 balls,MX055",5.1
"6 balls,MX056",5.1
"6 balls,MX077",5.1
"6 balls,MX078",5.1
"6 balls,MX079",5.1
"6 balls,MX080",5.1
"6 balls,MX081",5.1
"6 balls,MX082",5.1
"6 balls,MX083",5.1
"6 balls,MX084",5.1
"6 balls,MX085",5.1
"6 balls,MX086",5.1
"6 balls,MX087",5.1
"6 balls,MX088",5.1
"6 balls,MX089",5.1
"6 balls,MX090",5.1
"6 balls,MX091",5.1
"6 balls,MX092",5.1
"6 balls,MX093",5.1
"6 balls,MX094",5.1
"6 balls,MX095",5.1
"6 balls,MX096",5.1
"6 balls,MX097",5.1
"6 balls,MX098",5.1
"6 balls,MX099",5.1
"6 balls,MX100",5.1
"6 balls,MX101",5.1
"6 balls,MX102",5.1
"6 balls,MX103",5.1
"6 balls,MX104",5.1
"6 balls,MX105",5.1
"6 balls,MX106",5.1
"6 balls,MX107",5.1
"6 balls,MX108",5.1
"6 balls,MX109",5.1
"6 balls,MX110",5.1
"MX001,10 Balls",8.5
"MX002,10 Balls",8.5
"MX003,10 Balls",8.5
"MX004,10 Balls",8.5
"MX005,10 Balls",8.5
"MX006,10 Balls",8.5
"MX007,10 Balls",8.5
"MX008,10 Balls",8.5
"MX009,10 Balls",8.5
"MX010,10 Balls",8.5
"MX011,10 Balls",8.5
"MX012,10 Balls",8.5
"MX013,10 Balls",8.5
"MX014,10 Balls",8.5
"MX015,10 Balls",8.5
"MX016,10 Balls",8.5
"MX017,10 Balls",8.5
"MX018,10 Balls",8.5
"MX019,10 Balls",8.5
"MX020,10 Balls",8.5
"MX021,10 Balls",8.5
"MX022,10 Balls",8.5
"MX023,10 Balls",8.5
"MX024,10 Balls",8.5
"MX025,10 Balls",8.5
"MX026,10 Balls",8.5
"MX027,10 Balls",8.5
"MX028,10 Balls",8.5
"MX029,10 Balls",8.5
"MX030,10 Balls",8.5
"MX031,10 Balls",8.5
"MX032,10 Balls",8.5
"MX033,10 Balls",8.5
"MX034,10 Balls",8.5
"MX035,10 Balls",8.5
"MX036,10 Balls",8.5
"MX037,10 Balls",8.5
"MX038,10 Balls",8.5
"MX039,10 Balls",8.5
"MX040,10 Balls",8.5
"MX041,10 Balls",8.5
"MX042,10 Balls",8.5
"MX043,10 Balls",8.5
"MX044,10 Balls",8.5
"MX045,10 Balls",8.5
"MX046,10 Balls",8.5
"MX047,10 Balls",8.5
"MX048,10 Balls",8.5
"MX049,10 Balls",8.5
"MX050,10 Balls",8.5
"MX051,10 Balls",8.5
"MX052,10 Balls",8.5
"MX053,10 Balls",8.5
"MX054,10 Balls",8.5
"MX055,10 Balls",8.5
"MX056,10 Balls",8.5
"MX077,10 Balls",8.5
"MX078,10 Balls",8.5
"MX079,10 Balls",8.5
"MX080,10 Balls",8.5
"MX081,10 Balls",8.5
"MX082,10 Balls",8.5
"MX083,10 Balls",8.5
"MX084,10 Balls",8.5
"MX085,10 Balls",8.5
"MX086,10 Balls",8.5
"MX087,10 Balls",8.5
"MX088,10 Balls",8.5
"MX089,10 Balls",8.5
"MX090,10 Balls",8.5
"MX091,10 Balls",8.5
"MX092,10 Balls",8.5
"MX093,10 Balls",8.5
"MX094,10 Balls",8.5
"MX095,10 Balls",8.5
"MX096,10 Balls",8.5
"MX097,10 Balls",8.5
"MX098,10 Balls",8.5
"MX099,10 Balls",8.5
"MX100,10 Balls",8.5
"MX101,10 Balls",8.5
"MX102,10 Balls",8.5
"MX103,10 Balls",8.5
"MX104,10 Balls",8.5
"MX105,10 Balls",8.5
"MX106,10 Balls",8.5
"MX107,10 Balls",8.5
"MX108,10 Balls",8.5
"MX109,10 Balls",8.5
"MX110,10 Balls",8.5
